0;ICFBD01
1;ICRC04
2;ICHCC01;ICHCC03
3;ICFA03
4;ICFSOOC01
5;ICSN04
6;ICES01
7;ICRC04
8;ICRC02;ICRC03
9;ICRC01
10;ICSN01
11;ICL03
12;ICFSOOC01
13;ICFSOOC02
14;ICHCC01
15;ICSN01
16;ICHCC03
17;ICHCC01;ICFA03;ICES03
18;ICRC02
19;ICL02
20;ICFSOOC02
21;ICES03
22;ICES01
23;ICFA02
24;ICSN01;ICSN02
25;ICSN02;ICFA01
26;ICFA02
27;ICHCC06
28;ICL01
29;ICFBD01
30;ICRC02;ICRC03
31;ICHCC04
32;ICSN02
33;ICRC01;ICRC02
34;ICFA03
35;ICSN01
36;ICFBD03
37;ICSN01;ICSN03
38;ICFA02
39;ICES01
40;ICHCC05
41;ICSN03
42;ICL03
43;ICRC01
44;ICSN02
45;ICHCC01
46;ICSN02
47;ICFSOOC01
48;ICHCC01
49;ICRC01;ICRC02;ICRC03;ICRC04;ICRC05
50;ICFA02
51;ICL01
52;ICSN02
53;ICHCC02
54;ICSN03;ICES03;ICFSOOC03
55;ICHCC01;ICSN03;ICFA02
56;ICHCC05
57;ICSN03
58;ICHCC03;ICHCC05
59;ICHCC01
60;ICSN02
61;ICSN01
62;ICFSOOC03
63;ICHCC03;ICFSOOC03;ICRC01
64;ICFSOOC01;ICFSOOC02
65;ICFBD02
66;ICES03
67;ICL01
68;ICFBD02;ICFBD03
69;ICRC04
70;ICHCC03
71;ICES02
72;ICFBD03
73;ICHCC04
74;ICES02
75;ICHCC01
76;ICFSOOC02
77;ICES01
78;ICHCC01;ICL03
79;ICHCC01
80;ICFSOOC03
81;ICRC01
82;ICHCC03
83;ICL02
84;ICRC02
85;ICHCC06;ICES02;ICRC02;ICRC04
86;ICL01
87;ICHCC01
88;ICHCC05
89;ICSN02;ICFA01
90;ICFA02
91;ICFA02;ICFBD03;ICFSOOC02
92;ICHCC01
93;ICRC04
94;ICES03
95;ICFBD01
96;ICHCC06
97;ICFSOOC01
98;ICRC04
99;ICFA01
100;ICSN04;ICFSOOC02;ICRC04
101;ICFSOOC02
102;ICHCC03;ICHCC04;ICES01;ICES03
103;ICSN04
104;ICHCC04;ICHCC05
105;ICFBD03;ICES02
106;ICL02;ICL03
107;ICFSOOC01
108;ICL01
109;ICES01
110;ICFBD01
111;ICRC01;ICRC02;ICRC04
112;ICL02
113;ICRC02;ICRC04
114;ICES01;ICES03
115;ICHCC05
116;ICSN02;ICSN04
117;ICES01
118;ICHCC01
119;ICRC02
120;ICFSOOC01
121;ICFA01
122;ICSN03
123;ICFBD02;ICFBD03;ICRC03
124;ICRC02;ICRC04;ICRC05
125;ICHCC06
126;ICFSOOC03
127;ICES03
128;ICHCC01
129;ICHCC04
130;ICHCC04
131;ICL03
132;ICHCC02
133;ICHCC06;ICL02;ICFSOOC01
134;ICSN01;ICSN02;ICSN04
135;ICES01
136;ICFSOOC03
137;ICL01
138;ICFBD02;ICFBD03
139;ICHCC03
140;ICFBD02;ICRC01
141;ICES01
142;ICRC02
143;ICRC01;ICRC02;ICRC04
144;ICFSOOC02
145;ICL02
146;ICFBD01
147;ICES01;ICES02
148;ICHCC05
149;ICSN03
150;ICFSOOC02
151;ICRC02
152;ICHCC02
153;ICL03;ICES02
154;ICRC02
155;ICFBD02
156;ICFSOOC01
157;ICES01
158;ICRC01;ICRC02;ICRC03;ICRC04;ICRC05
159;ICRC04
160;ICHCC05;ICFA03;ICFSOOC01;ICRC01
161;ICFSOOC01
162;ICFBD02
163;ICSN03
164;ICRC01;ICRC03;ICRC04;ICRC05
165;ICFBD02
166;ICFSOOC01
167;ICFSOOC01
168;ICFA02
169;ICHCC04
170;ICES01;ICES02
171;ICES03
172;ICFA01
173;ICES01
174;ICHCC05
175;ICFBD02
176;ICFBD02
177;ICFSOOC02
178;ICFSOOC01;ICFSOOC02
179;ICHCC02;ICRC03
180;ICHCC05
181;ICSN02
182;ICFSOOC01
183;ICL02
184;ICSN01
185;ICSN02;ICSN03
186;ICRC04
187;ICHCC01;ICL01;ICFA03;ICRC01
188;ICFA03;ICFBD01;ICRC03;ICRC04
189;ICFSOOC03
190;ICFBD03
191;ICFBD01;ICFBD02
192;ICSN03
193;ICES01
194;ICFBD01
195;ICHCC03
196;ICFBD02
197;ICRC01
198;ICRC01
199;ICHCC01
200;ICFSOOC02
201;ICL02
202;ICRC02
203;ICRC02;ICRC03
204;ICFA03
205;ICSN01
206;ICSN03
207;ICSN01
208;ICL01
209;ICES02
210;ICES03
211;ICFBD03;ICES02
212;ICRC01;ICRC03
213;ICFA01;ICFSOOC03
214;ICES02
215;ICES01
216;ICFSOOC03
217;ICHCC01
218;ICHCC06
219;ICFA01
220;ICFA03
221;ICRC01
222;ICL02
223;ICFBD01;ICRC04
224;ICHCC04;ICES02
225;ICES03
226;ICRC04
227;ICFA01
228;ICFA02
229;ICHCC05
230;ICL01
231;ICES02;ICRC03
232;ICHCC02
233;ICHCC04;ICSN03
234;ICL02
235;ICFBD02
236;ICHCC04
237;ICFSOOC03
238;ICHCC04
239;ICES03
240;ICL02
241;ICSN04
242;ICHCC03
243;ICSN03
244;ICHCC01
245;ICES01;ICES02
246;ICES02
247;ICSN04
248;ICHCC03
249;ICFA03
250;ICRC04
251;ICFSOOC01
252;ICFA03
253;ICHCC04
254;ICRC03;ICRC04;ICRC05
255;ICHCC03
256;ICFA02
257;ICFBD01
258;ICSN02
259;ICHCC02
260;ICSN01;ICSN02;ICSN03
261;ICRC01;ICRC02;ICRC03
262;ICFSOOC01
263;ICSN03;ICFA01;ICFA02
264;ICHCC02
265;ICL03;ICRC04;ICRC05
266;ICFA02
267;ICSN03
268;ICRC02
269;ICSN04
270;ICHCC06
271;ICES03
272;ICSN01
273;ICRC01;ICRC02
274;ICFA02;ICES03
275;ICRC01;ICRC03
276;ICHCC04
277;ICHCC05
278;ICHCC05
279;ICES02
280;ICHCC02
281;ICL03
282;ICHCC03
283;ICL01
284;ICL02
285;ICFA02
286;ICL01
287;ICHCC04
288;ICRC03
289;ICL01
290;ICRC03;ICRC05
291;ICHCC05
292;ICES03
293;ICRC04;ICRC05
294;ICSN02
295;ICFA01
296;ICFBD03
297;ICFA02
298;ICSN01
299;ICSN01
300;ICHCC05
301;ICHCC04
302;ICFA02
303;ICSN02;ICSN03
304;ICHCC02
305;ICL02
306;ICL02
307;ICL01
308;ICHCC06
309;ICFA01
310;ICRC01;ICRC02;ICRC03
311;ICHCC06;ICES02;ICRC05
312;ICRC02
313;ICSN01;ICSN03
314;ICFSOOC03
315;ICFBD02
316;ICFA02
317;ICHCC06;ICSN01
318;ICSN02
319;ICES01
320;ICHCC01
321;ICES01;ICES03;ICFSOOC01;ICRC05
322;ICSN02;ICSN03
323;ICSN03
324;ICRC03
325;ICSN02
326;ICRC02
327;ICFA02
328;ICHCC05
329;ICSN03
330;ICES02
331;ICFSOOC01
332;ICSN03
333;ICES03
334;ICRC01;ICRC03;ICRC04
335;ICRC03
336;ICRC02
337;ICHCC01
338;ICHCC01
339;ICHCC05
340;ICRC01
341;ICHCC04
342;ICRC03
343;ICHCC04;ICES01
344;ICL02;ICL03
345;ICSN03;ICSN04
346;ICRC04;ICRC05
347;ICES03
348;ICHCC03
349;ICHCC04;ICFSOOC03
350;ICES03
351;ICSN01
352;ICSN02
353;ICSN02;ICL02;ICRC02
354;ICFSOOC02
355;ICSN02
356;ICRC01
357;ICES02
358;ICFSOOC01
359;ICSN01
360;ICHCC06
361;ICHCC06
362;ICFBD02
363;ICHCC03;ICL02
364;ICHCC05
365;ICFSOOC02
366;ICHCC01
367;ICRC03
368;ICSN01;ICSN02
369;ICFBD02;ICFSOOC03
370;ICHCC04;ICFA03
371;ICL02
372;ICHCC02
373;ICFBD02
374;ICHCC04
375;ICES03
376;ICHCC02;ICFA02;ICRC04
377;ICRC02
378;ICRC03
379;ICFA01
380;ICHCC02;ICFSOOC02
381;ICES01;ICES03;ICFSOOC01;ICFSOOC03
382;ICHCC05
383;ICL02
384;ICRC04
385;ICRC03;ICRC05
386;ICL02
387;ICHCC06
388;ICFSOOC03
389;ICSN04
390;ICHCC04
391;ICHCC01;ICHCC02
392;ICES02
393;ICL02;ICL03
394;ICFSOOC03
395;ICRC04
396;ICRC03
397;ICSN01
398;ICL01
399;ICHCC03;ICL02;ICFSOOC02;ICFSOOC03
400;ICSN01
401;ICFSOOC03
402;ICHCC03
403;ICES02
404;ICSN01
405;ICL01
406;ICFSOOC03
407;ICL02;ICL03
408;ICSN01
409;ICL02
410;ICRC04
411;ICFSOOC02
412;ICRC02
413;ICHCC04
414;ICFA03
415;ICHCC05
416;ICFA01
417;ICSN01
418;ICHCC02
419;ICRC03
420;ICHCC02
421;ICHCC01;ICHCC04;ICSN02
422;ICFBD01;ICRC01
423;ICHCC05
424;ICFSOOC02
425;ICL01
426;ICFBD03
427;ICFBD01
428;ICHCC04
429;ICHCC05
430;ICHCC04
431;ICSN02
432;ICHCC03;ICSN04;ICRC01
433;ICL02;ICFA01
434;ICL02
435;ICHCC02
436;ICFSOOC03
437;ICFSOOC02
438;ICES02;ICES03
439;ICFSOOC03
440;ICHCC05
441;ICFBD02
442;ICRC02
443;ICSN02
444;ICSN02
445;ICRC04
446;ICSN02
447;ICRC01
448;ICRC04
449;ICFSOOC01
450;ICRC01;ICRC03;ICRC05
451;ICFA03
452;ICRC01
453;ICES02
454;ICSN01
455;ICRC01;ICRC05
456;ICSN02;ICSN03;ICSN04
457;ICFBD02
458;ICSN01
459;ICFA02
460;ICFBD02
461;ICSN02
462;ICSN01;ICSN02;ICSN03
463;ICSN01
464;ICSN02
465;ICHCC06
466;ICRC02
467;ICL02;ICL03
468;ICSN03
469;ICFA01
470;ICRC01;ICRC02
471;ICFA01
472;ICFA01
473;ICL02
474;ICES01
475;ICL02
476;ICL01
477;ICRC01
478;ICHCC06
479;ICSN01
480;ICFA02
481;ICSN02;ICSN03
482;ICFBD02
483;ICES01
484;ICES02
485;ICFA03
486;ICHCC02
487;ICHCC03;ICL02;ICRC04
488;ICFBD02;ICES01
489;ICSN04;ICL02
490;ICFSOOC01;ICFSOOC02
491;ICES02
492;ICSN01
493;ICHCC03
494;ICFA02
495;ICFA01
496;ICFSOOC02
497;ICL03
498;ICFSOOC03
499;ICRC04
500;ICRC02
501;ICRC04
502;ICFA03
503;ICSN03;ICL02;ICFSOOC03
504;ICES01
505;ICHCC06
506;ICRC03
507;ICFA03
508;ICHCC06
509;ICES02;ICES03
510;ICHCC05;ICRC03
511;ICSN03
512;ICFSOOC03
513;ICRC01;ICRC02;ICRC03;ICRC04;ICRC05
514;ICES03
515;ICFA01
516;ICSN01
517;ICRC02
518;ICRC03
519;ICRC02
520;ICFSOOC02
521;ICFSOOC01
522;ICHCC01
523;ICHCC01
524;ICSN01
525;ICFBD01
526;ICFA02;ICFSOOC01;ICRC02
527;ICL02
528;ICFA02
529;ICHCC03;ICFSOOC02
530;ICFA02
531;ICES01
532;ICES02
533;ICFSOOC02;ICFSOOC03
534;ICES01
535;ICSN01
536;ICSN04
537;ICFA02
538;ICHCC04
539;ICHCC01
540;ICES03
541;ICFA03
542;ICL01
543;ICFBD01
544;ICHCC02
545;ICFBD03
546;ICSN02
547;ICES02
548;ICHCC06
549;ICSN01
550;ICHCC04
551;ICFBD03
552;ICSN01
553;ICFBD02
554;ICRC02;ICRC03
555;ICHCC01
556;ICHCC06
557;ICFA02
558;ICSN01
559;ICHCC02
560;ICFSOOC02
561;ICFA02
562;ICRC01
563;ICSN01
564;ICSN01;ICSN02;ICSN03
565;ICRC04
566;ICHCC01
567;ICFBD03
568;ICRC02;ICRC04;ICRC05
569;ICSN04
570;ICL03
571;ICL01
572;ICHCC05
573;ICFBD02
574;ICL03
575;ICFBD01
576;ICFA01
577;ICSN03
578;ICFA03
579;ICL01
580;ICHCC03;ICFBD01;ICRC03
581;ICL03
582;ICFSOOC01
583;ICL03;ICFBD03;ICES01;ICRC05
584;ICFSOOC02
585;ICRC04;ICRC05
586;ICES03
587;ICRC02
588;ICES02
589;ICRC03
590;ICRC02
591;ICFSOOC03
592;ICHCC03
593;ICFBD03
594;ICSN01
595;ICES02
596;ICFA03
597;ICFSOOC03
598;ICFBD01
599;ICL01
600;ICFBD02
601;ICRC02
602;ICSN02
603;ICL02
604;ICSN02
605;ICRC01;ICRC02;ICRC03;ICRC04;ICRC05
606;ICFSOOC01
607;ICHCC02
608;ICRC03
609;ICHCC02
610;ICFBD02
611;ICFBD02;ICRC05
612;ICL02
613;ICFSOOC03
614;ICHCC04
615;ICSN04
616;ICFBD02
617;ICES03
618;ICRC01;ICRC02;ICRC04
619;ICES01
620;ICHCC02;ICSN04
621;ICHCC05;ICSN04
622;ICFBD03
623;ICSN02
624;ICFSOOC02
625;ICRC01;ICRC02;ICRC03;ICRC04;ICRC05
626;ICL01
627;ICL03
628;ICFSOOC02
629;ICFSOOC02
630;ICRC01
631;ICFSOOC02
632;ICFBD03
633;ICHCC02
634;ICRC04
635;ICSN04
636;ICFSOOC03;ICRC03
637;ICFBD01
638;ICSN03
639;ICHCC05;ICFSOOC03;ICRC01
640;ICFSOOC03
641;ICSN02
642;ICSN01
643;ICFA03
644;ICRC02
645;ICL03;ICFBD03
646;ICL01
647;ICSN01;ICSN02;ICSN03
648;ICHCC05;ICSN01;ICRC05
649;ICHCC04
650;ICFA03
651;ICHCC01
652;ICSN01
653;ICHCC03
654;ICL01
655;ICSN03;ICFBD01
656;ICSN02
657;ICFA03;ICES01
658;ICFBD02
659;ICHCC03;ICFA03
660;ICRC01;ICRC02;ICRC03;ICRC04;ICRC05
661;ICHCC01;ICHCC02
662;ICFA02
663;ICFA02
664;ICHCC06;ICFBD01
665;ICRC03;ICRC05
666;ICRC03
667;ICSN04
668;ICRC01;ICRC02
669;ICL02;ICL03
670;ICRC04
671;ICL02
672;ICFSOOC01
673;ICSN02;ICSN03;ICRC01
674;ICES03
675;ICFBD02
676;ICHCC06
677;ICRC02
678;ICSN01;ICSN04
679;ICL02
680;ICSN01
681;ICES03
682;ICSN04
683;ICL01
684;ICES01;ICES02;ICES03
685;ICHCC04
686;ICFSOOC02
687;ICRC02
688;ICRC02;ICRC03;ICRC05
689;ICFSOOC03
690;ICES01
691;ICFBD03;ICRC01
692;ICSN03;ICSN04
693;ICRC03;ICRC04
694;ICRC02;ICRC03
695;ICES03
696;ICFSOOC03
697;ICHCC01
698;ICSN01;ICSN02
699;ICHCC02
700;ICFSOOC01;ICFSOOC02
701;ICFSOOC03
702;ICES03
703;ICSN03
704;ICL03
705;ICRC03
706;ICSN01;ICSN02;ICSN03
707;ICL01
708;ICFSOOC02
709;ICL01
710;ICSN03
711;ICHCC05
712;ICES03
713;ICRC04
714;ICFA03
715;ICFA02
716;ICHCC02;ICHCC03
717;ICRC03;ICRC04
718;ICHCC03
719;ICL03
720;ICRC03
721;ICSN02
722;ICL02
723;ICES02
724;ICFA03
725;ICRC01;ICRC02;ICRC03;ICRC04;ICRC05
726;ICES02
727;ICFBD01
728;ICSN04
729;ICFBD02
730;ICSN01
731;ICL01
732;ICFA01;ICFA02
733;ICRC01;ICRC02;ICRC03;ICRC04;ICRC05
734;ICHCC05
735;ICFA03
736;ICHCC01
737;ICES02
738;ICSN03
739;ICRC03
740;ICES02
741;ICHCC06
742;ICFSOOC01;ICRC03
743;ICRC04
744;ICFSOOC03;ICRC01;ICRC05
745;ICFA02
746;ICFSOOC03
747;ICES01;ICFSOOC02
748;ICFSOOC01
749;ICHCC03
750;ICFA02
751;ICRC02;ICRC03;ICRC04
752;ICHCC03;ICFSOOC03
753;ICHCC06
754;ICRC04
755;ICHCC01
756;ICFSOOC02
757;ICFBD03
758;ICRC02
759;ICRC02;ICRC03
760;ICL02
761;ICFSOOC03
762;ICES02
763;ICHCC05
764;ICSN02
765;ICFSOOC01
766;ICSN03
767;ICRC04
768;ICHCC03
769;ICHCC04
770;ICRC03
771;ICRC01
772;ICES01
773;ICFSOOC03
774;ICL01
775;ICES01
776;ICFSOOC03;ICRC04
777;ICHCC06
778;ICFSOOC01
779;ICL03
780;ICFBD01
781;ICFA02
782;ICSN02;ICSN04
783;ICHCC02;ICFSOOC01;ICRC03
784;ICFBD02
785;ICHCC01;ICFSOOC01;ICFSOOC03
786;ICL03
787;ICHCC04
788;ICSN01;ICSN02;ICSN03
789;ICFSOOC01;ICFSOOC02
790;ICHCC04;ICRC05
791;ICHCC04
792;ICHCC05
793;ICL03
794;ICHCC04;ICRC01
795;ICES02
796;ICL01
797;ICHCC01;ICHCC03;ICFA02;ICES01;ICRC04
798;ICHCC05
799;ICFBD03
800;ICFSOOC02
801;ICL03;ICFA03
802;ICHCC04
803;ICL02
804;ICFA02
805;ICHCC03
806;ICRC01
807;ICSN01
808;ICRC02;ICRC03
809;ICRC03
810;ICHCC06;ICES03;ICRC02
811;ICHCC05
812;ICSN04;ICFBD02
813;ICRC01;ICRC02;ICRC03;ICRC05
814;ICRC01;ICRC03;ICRC04;ICRC05
815;ICSN02
816;ICFSOOC02
817;ICFBD03
818;ICFBD01
819;ICFSOOC02
820;ICFBD02
821;ICRC01;ICRC02;ICRC03
822;ICSN01;ICSN02;ICSN03;ICSN04
823;ICES01
824;ICFA01;ICFSOOC02;ICRC02
825;ICFBD02
826;ICL02
827;ICHCC06
828;ICES03
829;ICFA02
830;ICRC02
831;ICRC01
832;ICRC01
833;ICES02
834;ICHCC01
835;ICES03
836;ICHCC05
837;ICRC02
838;ICSN02
839;ICSN01
840;ICL01
841;ICES02
842;ICHCC03
843;ICFA02
844;ICES03
845;ICSN01
846;ICRC01
847;ICFA02
848;ICFBD01
849;ICRC01
850;ICHCC01
851;ICSN01
852;ICSN04
853;ICFA03
854;ICFBD03
855;ICFSOOC03
856;ICRC01
857;ICSN03;ICL02;ICFBD03;ICFSOOC01
858;ICES01
859;ICHCC04
860;ICFBD02
861;ICES03
862;ICFSOOC03
863;ICES02
864;ICFBD03
865;ICSN02
866;ICFBD03;ICFSOOC02
867;ICFBD01
868;ICFBD02
869;ICHCC01;ICHCC04
870;ICSN04
871;ICSN04;ICFSOOC02
872;ICL01
873;ICSN02
874;ICSN03
875;ICFBD01
876;ICFSOOC03
877;ICSN02
878;ICHCC01
879;ICL01
880;ICES01
881;ICHCC02
882;ICL02;ICES02
883;ICSN01
884;ICFSOOC01;ICFSOOC02
885;ICRC04
886;ICSN01;ICL02;ICL03;ICRC03
887;ICHCC04
888;ICL02
889;ICRC02
890;ICL02
891;ICSN01
892;ICRC04
893;ICFSOOC03
894;ICFA01
895;ICFA01
896;ICHCC03
897;ICHCC03
898;ICHCC02;ICSN03;ICFA03
899;ICES02
